customer_id,last_name,total_revenue,total_visits,ltv
96f55c7d8f44,Robert,104.68,2,54433.600000000006
96f55c7d8f48,Bill,86.34,1,44896.8
96f55c7d8f42,Smith,127.02000000000001,3,33025.200000000004
